{"cameraMode":{"drawMode":0,"name":"Shaded","section":"Shading Mode"},"sceneLighting":false,"audioPlay":false,"sceneViewState":{"showFog":false,"showMaterialUpdate":false,"showSkybox":false,"showFlares":true,"showImageEffects":true,"showParticleSystems":true},"in2DMode":false,"pivot":{"x":-0.6008539199829102,"y":0.3934573233127594,"z":0.1367897391319275},"rotation":{"x":0.25478023290634158,"y":0.457678884267807,"z":-0.13869595527648927,"w":0.8404901027679443},"size":1.3916819095611573,"orthographic":false}