{"cameraMode":{"drawMode":0,"name":"Shaded","section":"Shading Mode"},"sceneLighting":true,"audioPlay":false,"sceneViewState":{"showFog":false,"showMaterialUpdate":false,"showSkybox":true,"showFlares":true,"showImageEffects":true,"showParticleSystems":true},"in2DMode":false,"pivot":{"x":-13.470609664916993,"y":1.1840190887451172,"z":9.862335205078125},"rotation":{"x":0.024967478588223459,"y":-0.22584064304828645,"z":-0.005835152231156826,"w":-0.9738948941230774},"size":1.937867283821106,"orthographic":false}