{"cameraMode":{"drawMode":0,"name":"Shaded","section":"Shading Mode"},"sceneLighting":false,"audioPlay":false,"sceneViewState":{"showFog":false,"showMaterialUpdate":false,"showSkybox":false,"showFlares":true,"showImageEffects":true,"showParticleSystems":true},"in2DMode":false,"pivot":{"x":5.019999980926514,"y":6.939502716064453,"z":-9.331502914428711},"rotation":{"x":0.25478023290634158,"y":0.457678884267807,"z":-0.13869595527648927,"w":0.8404901027679443},"size":18.470998764038087,"orthographic":false}