{"cameraMode":{"drawMode":0,"name":"Shaded","section":"Shading Mode"},"sceneLighting":false,"audioPlay":false,"sceneViewState":{"showFog":false,"showMaterialUpdate":false,"showSkybox":false,"showFlares":true,"showImageEffects":true,"showParticleSystems":true},"in2DMode":false,"pivot":{"x":-5.09144228999503e-7,"y":-0.0000026423513190820815,"z":-0.000002462793418089859},"rotation":{"x":0.25478023290634158,"y":0.457678884267807,"z":-0.13869595527648927,"w":0.8404901027679443},"size":2.5799455642700197,"orthographic":false}