{"cameraMode":{"drawMode":0,"name":"Shaded","section":"Shading Mode"},"sceneLighting":false,"audioPlay":false,"sceneViewState":{"showFog":false,"showMaterialUpdate":false,"showSkybox":false,"showFlares":true,"showImageEffects":true,"showParticleSystems":true},"in2DMode":false,"pivot":{"x":-0.09519925713539124,"y":0.9368922710418701,"z":0.2519666254520416},"rotation":{"x":0.2569011449813843,"y":-0.38195282220840456,"z":0.11140730232000351,"w":0.8807477951049805},"size":1.5741578340530396,"orthographic":false}