{"cameraMode":{"drawMode":0,"name":"Shaded","section":"Shading Mode"},"sceneLighting":false,"audioPlay":false,"sceneViewState":{"showFog":false,"showMaterialUpdate":false,"showSkybox":false,"showFlares":true,"showImageEffects":true,"showParticleSystems":true},"in2DMode":false,"pivot":{"x":0.7573056221008301,"y":0.1863647699356079,"z":-1.1107735633850098},"rotation":{"x":0.19727450609207154,"y":0.39870381355285647,"z":-0.08820600807666779,"w":0.8912807703018189},"size":2.432616949081421,"orthographic":false}