{"cameraMode":{"drawMode":0,"name":"Shaded","section":"Shading Mode"},"sceneLighting":false,"audioPlay":false,"sceneViewState":{"showFog":false,"showMaterialUpdate":false,"showSkybox":false,"showFlares":true,"showImageEffects":true,"showParticleSystems":true},"in2DMode":false,"pivot":{"x":5.019999980926514,"y":6.939502716064453,"z":-9.331502914428711},"rotation":{"x":0.4923323392868042,"y":0.43568262457847597,"z":-0.31286579370498659,"w":0.6855271458625794},"size":12.666272163391114,"orthographic":false}