{"cameraMode":{"drawMode":0,"name":"Shaded","section":"Shading Mode"},"sceneLighting":false,"audioPlay":false,"sceneViewState":{"showFog":false,"showMaterialUpdate":false,"showSkybox":false,"showFlares":true,"showImageEffects":true,"showParticleSystems":true},"in2DMode":false,"pivot":{"x":0.17231500148773194,"y":-0.1620030403137207,"z":0.12514936923980714},"rotation":{"x":0.25478023290634158,"y":0.457678884267807,"z":-0.13869595527648927,"w":0.8404901027679443},"size":1.99733304977417,"orthographic":false}