{"cameraMode":{"drawMode":0,"name":"Shaded","section":"Shading Mode"},"sceneLighting":false,"audioPlay":false,"sceneViewState":{"showFog":false,"showMaterialUpdate":false,"showSkybox":false,"showFlares":true,"showImageEffects":true,"showParticleSystems":true},"in2DMode":false,"pivot":{"x":0.5381059646606445,"y":-1.7070938348770142,"z":0.15029966831207276},"rotation":{"x":0.22168932855129243,"y":0.65288245677948,"z":-0.20861023664474488,"w":0.6936353445053101},"size":3.550795078277588,"orthographic":false}